[
    {
        "name": "temperature",
        "_id" : 67,
        "long": 4,
        "math" : "divide10"
    },
    {
        "name": "humidity",
        "_id" : 68,
        "long": 2
    },
    {
        "name": "accelerometer", 
        "_id" : 71, 
        "long": 12, 
        "math": [
            {"name":"X", "long":4},
            {"name":"Y", "long":4},
            {"name":"Z", "long":4}
        ]
    },
    {
        "name":"GPS", 
        "_id": 88, 
        "long": 18, 
        "math": [
            {"name":"latitude", "long":6},
            {"name":"longitude", "long":6},
            {"name":"altitude", "long":6}
        ]
    }
]
    